ID_Pedido;Origem_Nome;Origem_Latitude;Origem_Longitude;Destino_Nome;Destino_Latitude;Destino_Longitude;Volume
1;CD REC;-8.1653768;-34.9447284;Jaboatão dos Guararapes, PE;-8.11226;-35.0144;1
2;CD REC;-8.1653768;-34.9447284;Olinda, PE;-7.98878;-34.8427;1
3;CD REC;-8.1653768;-34.9447284;Paulista, PE;-7.94083;-34.8731;1
4;CD REC;-8.1653768;-34.9447284;Abreu e Lima, PE;-7.91134;-34.9021;1
5;CD REC;-8.1653768;-34.9447284;Camaragibe, PE;-8.02413;-34.9783;1
6;CD REC;-8.1653768;-34.9447284;São Lourenço da Mata, PE;-8.00251;-35.0181;1
7;CD REC;-8.1653768;-34.9447284;Cabo de Santo Agostinho, PE;-8.28224;-35.0341;1
8;CD REC;-8.1653768;-34.9447284;Igarassu, PE;-7.82831;-34.9017;1
9;CD REC;-8.1653768;-34.9447284;Itamaracá, PE;-7.74858;-34.8339;1
10;CD REC;-8.1653768;-34.9447284;Vitória de Santo Antão, PE;-8.11844;-35.2973;1
11;CD REC;-8.1653768;-34.9447284;Moreno, PE;-8.11766;-35.0915;1
12;CD REC;-8.1653768;-34.9447284;Escada, PE;-8.3574;-35.2231;1
13;CD REC;-8.1653768;-34.9447284;Carpina, PE;-7.8459;-35.2548;1
14;CD REC;-8.1653768;-34.9447284;Goiana, PE;-7.55855;-35.0013;1
15;CD REC;-8.1653768;-34.9447284;Timbaúba, PE;-7.50458;-35.3184;1
16;CD REC;-8.1653768;-34.9447284;Limoeiro, PE;-7.87247;-35.4509;1
17;CD REC;-8.1653768;-34.9447284;Nazaré da Mata, PE;-7.74111;-35.2194;1
18;CD REC;-8.1653768;-34.9447284;Paudalho, PE;-7.90542;-35.1705;1
19;CD REC;-8.1653768;-34.9447284;Bezerros, PE;-8.23523;-35.7967;1
20;CD REC;-8.1653768;-34.9447284;Gravatá, PE;-8.2025;-35.5646;1
21;CD REC;-8.1653768;-34.9447284;Barreiros, PE;-8.81551;-35.1855;1
22;CD REC;-8.1653768;-34.9447284;Sirinhaém, PE;-8.5863;-35.1168;1
23;CD REC;-8.1653768;-34.9447284;Tamandaré, PE;-8.75607;-35.1035;1
24;CD REC;-8.1653768;-34.9447284;Caruaru, PE;-8.28455;-35.9699;1
25;CD REC;-8.1653768;-34.9447284;São José da Coroa Grande, PE;-8.89712;-35.1491;1
26;CD REC;-8.1653768;-34.9447284;Palmares, PE;-8.68421;-35.5899;1
27;CD REC;-8.1653768;-34.9447284;Pombos, PE;-8.14312;-35.3963;1
28;CD REC;-8.1653768;-34.9447284;Ribeirão, PE;-8.50935;-35.3805;1
29;CD REC;-8.1653768;-34.9447284;São Caetano, PE;-8.33707;-36.1454;1
30;CD REC;-8.1653768;-34.9447284;Toritama, PE;-8.0061;-36.0585;1
